{"generation": 311, "total_score": 0.7218872320000002, "benchmarks": {"ARC-AGI-3": {"avg": 0.5588352000000002, "passed": false}, "BBEH": {"avg": 1.0, "passed": true}, "HLE": {"avg": 0.6386688000000001, "passed": false}, "IMO-ANSWER": {"avg": 0.5987520000000003, "passed": false}, "SWE-Bench-Pro": {"avg": 0.6918912000000002, "passed": false}, "MATH-500": {"avg": 0.9979200000000003, "passed": true}, "GPQA-Diamond": {"avg": 0.6386688000000001, "passed": false}, "OSWorld-Tool-Hard": {"avg": 1.0, "passed": true}, "ZeroBench": {"avg": 0.19958400000000004, "passed": false}}}