{"generation": 313, "total_score": 0.7720411080000003, "benchmarks": {"ARC-AGI-3": {"avg": 0.6346771200000001, "passed": false}, "BBEH": {"avg": 1.0, "passed": true}, "HLE": {"avg": 0.6875668800000003, "passed": false}, "IMO-ANSWER": {"avg": 0.6875668800000003, "passed": false}, "SWE-Bench-Pro": {"avg": 0.7669015200000001, "passed": false}, "MATH-500": {"avg": 1.0, "passed": true}, "GPQA-Diamond": {"avg": 0.6875668800000003, "passed": false}, "OSWorld-Tool-Hard": {"avg": 1.0, "passed": true}, "ZeroBench": {"avg": 0.29089368000000004, "passed": false}}}