{"generation": 306, "total_score": 0.4096552320000001, "benchmarks": {"ARC-AGI-3": {"avg": 0.2564352000000001, "passed": false}, "BBEH": {"avg": 0.9616320000000003, "passed": true}, "HLE": {"avg": 0.23079168000000003, "passed": false}, "IMO-ANSWER": {"avg": 0.15386112000000005, "passed": false}, "SWE-Bench-Pro": {"avg": 0.35900928000000015, "passed": false}, "MATH-500": {"avg": 0.4487616000000001, "passed": false}, "GPQA-Diamond": {"avg": 0.2564352000000001, "passed": false}, "OSWorld-Tool-Hard": {"avg": 0.6410880000000001, "passed": false}, "ZeroBench": {"avg": 0.06410880000000002, "passed": false}}}