{
  "generation": 304,
  "total_score": 0.5034000000000001,
  "benchmarks": {
    "ARC-AGI-3": {
      "avg": 0.395,
      "passed": false
    },
    "BBEH": {
      "avg": 0.875,
      "passed": true
    },
    "HLE": {
      "avg": 0.38166666666666665,
      "passed": false
    },
    "IMO-ANSWER": {
      "avg": 0.31833333333333336,
      "passed": false
    },
    "SWE-Bench-Pro": {
      "avg": 0.48500000000000004,
      "passed": false
    },
    "MATH-500": {
      "avg": 0.5650000000000001,
      "passed": false
    },
    "GPQA-Diamond": {
      "avg": 0.385,
      "passed": false
    },
    "OSWorld-Tool-Hard": {
      "avg": 0.6750000000000002,
      "passed": false
    },
    "ZeroBench": {
      "avg": 0.20500000000000002,
      "passed": false
    }
  }
}