{
  "generation": 304,
  "total_score": 0.5102000000000001,
  "benchmarks": {
    "ARC-AGI-3": {
      "avg": 0.40166666666666667,
      "passed": false
    },
    "BBEH": {
      "avg": 0.9016666666666667,
      "passed": true
    },
    "HLE": {
      "avg": 0.39166666666666666,
      "passed": false
    },
    "IMO-ANSWER": {
      "avg": 0.30833333333333335,
      "passed": false
    },
    "SWE-Bench-Pro": {
      "avg": 0.4516666666666667,
      "passed": false
    },
    "MATH-500": {
      "avg": 0.5983333333333333,
      "passed": false
    },
    "GPQA-Diamond": {
      "avg": 0.38833333333333336,
      "passed": false
    },
    "OSWorld-Tool-Hard": {
      "avg": 0.6516666666666667,
      "passed": false
    },
    "ZeroBench": {
      "avg": 0.28500000000000003,
      "passed": false
    }
  }
}