{"generation": 314, "total_score": 0.8281924032000001, "benchmarks": {"ARC-AGI-3": {"avg": 0.7051968000000003, "passed": false}, "BBEH": {"avg": 1.0, "passed": true}, "HLE": {"avg": 0.7757164800000003, "passed": false}, "IMO-ANSWER": {"avg": 0.7757164800000003, "passed": false}, "SWE-Bench-Pro": {"avg": 0.8462361600000002, "passed": true}, "MATH-500": {"avg": 1.0, "passed": true}, "GPQA-Diamond": {"avg": 0.7757164800000003, "passed": false}, "OSWorld-Tool-Hard": {"avg": 1.0, "passed": true}, "ZeroBench": {"avg": 0.35259840000000015, "passed": false}}}