{"generation": 305, "total_score": 0.39116385000000004, "benchmarks": {"ARC-AGI-3": {"avg": 0.24486000000000005, "passed": false}, "BBEH": {"avg": 0.9182250000000002, "passed": true}, "HLE": {"avg": 0.22037400000000004, "passed": false}, "IMO-ANSWER": {"avg": 0.14691600000000002, "passed": false}, "SWE-Bench-Pro": {"avg": 0.3428040000000001, "passed": false}, "MATH-500": {"avg": 0.4285050000000001, "passed": false}, "GPQA-Diamond": {"avg": 0.24486000000000005, "passed": false}, "OSWorld-Tool-Hard": {"avg": 0.6121500000000002, "passed": false}, "ZeroBench": {"avg": 0.06121500000000001, "passed": false}}}