{
  "generation": 303,
  "total_score": 0.4373333333333334,
  "benchmarks": {
    "ARC-AGI-3": {
      "avg": 0.29333333333333333,
      "passed": false
    },
    "BBEH": {
      "avg": 0.8300000000000001,
      "passed": true
    },
    "HLE": {
      "avg": 0.3433333333333333,
      "passed": false
    },
    "IMO-ANSWER": {
      "avg": 0.26666666666666666,
      "passed": false
    },
    "SWE-Bench-Pro": {
      "avg": 0.3766666666666667,
      "passed": false
    },
    "MATH-500": {
      "avg": 0.5466666666666667,
      "passed": false
    },
    "GPQA-Diamond": {
      "avg": 0.31666666666666665,
      "passed": false
    },
    "OSWorld-Tool-Hard": {
      "avg": 0.5466666666666667,
      "passed": false
    },
    "ZeroBench": {
      "avg": 0.15,
      "passed": false
    }
  }
}