{"generation": 309, "total_score": 0.5707558400000001, "benchmarks": {"ARC-AGI-3": {"avg": 0.40768000000000004, "passed": false}, "BBEH": {"avg": 1.0, "passed": true}, "HLE": {"avg": 0.4426240000000001, "passed": false}, "IMO-ANSWER": {"avg": 0.372736, "passed": false}, "SWE-Bench-Pro": {"avg": 0.5241600000000002, "passed": false}, "MATH-500": {"avg": 0.722176, "passed": false}, "GPQA-Diamond": {"avg": 0.4426240000000001, "passed": false}, "OSWorld-Tool-Hard": {"avg": 0.8736000000000002, "passed": true}, "ZeroBench": {"avg": 0.11648000000000001, "passed": false}}}