{"generation": 317, "total_score": 0.9022380672, "benchmarks": {"ARC-AGI-3": {"avg": 0.8180282880000002, "passed": true}, "BBEH": {"avg": 1.0, "passed": true}, "HLE": {"avg": 0.8744440320000001, "passed": true}, "IMO-ANSWER": {"avg": 0.8744440320000001, "passed": true}, "SWE-Bench-Pro": {"avg": 0.9590676480000004, "passed": true}, "MATH-500": {"avg": 1.0, "passed": true}, "GPQA-Diamond": {"avg": 0.8744440320000001, "passed": true}, "OSWorld-Tool-Hard": {"avg": 1.0, "passed": true}, "ZeroBench": {"avg": 0.45132595200000014, "passed": false}}}