{"generation": 316, "total_score": 0.8775561792000002, "benchmarks": {"ARC-AGI-3": {"avg": 0.7757164800000003, "passed": false}, "BBEH": {"avg": 1.0, "passed": true}, "HLE": {"avg": 0.8462361600000002, "passed": true}, "IMO-ANSWER": {"avg": 0.8462361600000002, "passed": true}, "SWE-Bench-Pro": {"avg": 0.9167558400000003, "passed": true}, "MATH-500": {"avg": 1.0, "passed": true}, "GPQA-Diamond": {"avg": 0.8462361600000002, "passed": true}, "OSWorld-Tool-Hard": {"avg": 1.0, "passed": true}, "ZeroBench": {"avg": 0.4231180800000001, "passed": false}}}