{"generation": 308, "total_score": 0.5381653975999999, "benchmarks": {"ARC-AGI-3": {"avg": 0.37033856000000004, "passed": false}, "BBEH": {"avg": 1.0, "passed": true}, "HLE": {"avg": 0.4050578, "passed": false}, "IMO-ANSWER": {"avg": 0.3240462400000001, "passed": false}, "SWE-Bench-Pro": {"avg": 0.48606935999999995, "passed": false}, "MATH-500": {"avg": 0.67123864, "passed": false}, "GPQA-Diamond": {"avg": 0.4050578, "passed": false}, "OSWorld-Tool-Hard": {"avg": 0.8332617600000001, "passed": true}, "ZeroBench": {"avg": 0.10415772000000001, "passed": false}}}