{"generation": 307, "total_score": 0.5317035050000001, "benchmarks": {"ARC-AGI-3": {"avg": 0.365715, "passed": false}, "BBEH": {"avg": 1.0, "passed": true}, "HLE": {"avg": 0.39009600000000005, "passed": false}, "IMO-ANSWER": {"avg": 0.30476250000000005, "passed": false}, "SWE-Bench-Pro": {"avg": 0.48762, "passed": false}, "MATH-500": {"avg": 0.6704775000000001, "passed": false}, "GPQA-Diamond": {"avg": 0.39009600000000005, "passed": false}, "OSWorld-Tool-Hard": {"avg": 0.8533350000000001, "passed": true}, "ZeroBench": {"avg": 0.09752400000000001, "passed": false}}}