{"generation": 310, "total_score": 0.6420072800000001, "benchmarks": {"ARC-AGI-3": {"avg": 0.4785264000000001, "passed": false}, "BBEH": {"avg": 1.0, "passed": true}, "HLE": {"avg": 0.5288976000000001, "passed": false}, "IMO-ANSWER": {"avg": 0.4785264000000001, "passed": false}, "SWE-Bench-Pro": {"avg": 0.6044544000000002, "passed": false}, "MATH-500": {"avg": 0.8563104000000002, "passed": true}, "GPQA-Diamond": {"avg": 0.5288976000000001, "passed": false}, "OSWorld-Tool-Hard": {"avg": 0.9822384000000003, "passed": true}, "ZeroBench": {"avg": 0.15111360000000004, "passed": false}}}