{"generation": 315, "total_score": 0.8528742912000001, "benchmarks": {"ARC-AGI-3": {"avg": 0.7334046720000001, "passed": false}, "BBEH": {"avg": 1.0, "passed": true}, "HLE": {"avg": 0.8180282880000002, "passed": true}, "IMO-ANSWER": {"avg": 0.8180282880000002, "passed": true}, "SWE-Bench-Pro": {"avg": 0.8744440320000001, "passed": true}, "MATH-500": {"avg": 1.0, "passed": true}, "GPQA-Diamond": {"avg": 0.8180282880000002, "passed": true}, "OSWorld-Tool-Hard": {"avg": 1.0, "passed": true}, "ZeroBench": {"avg": 0.39491020800000015, "passed": false}}}