{
  "generation": 73,
  "overall": 0.63381681910656,
  "passed": 1,
  "benchmarks": {
    "IFEval": 0.6334379905808477,
    "SWE-bench": 0.6680672268907563,
    "MATH": 0.579520697167756,
    "GSM8K": 0.85,
    "TruthfulQA": 0.35,
    "BBH": 0.721875
  }
}